epoch,learning_rate,train_loss,train_accuracy,train_precision,train_recall,train_f1,val_loss,val_accuracy,val_precision,val_recall,val_f1
1,0.0001,0.8321239870989535,0.6717990275526742,0.6314560439560439,0.6327845482644675,0.6256721112368177,0.6297988992816997,0.8113207547169812,0.7805284902519823,0.7685166095833472,0.7731824196722482
2,0.0001,0.5365913395846875,0.7925445705024311,0.7499446726492444,0.7507165050571882,0.7502874651985468,0.4918433798933929,0.8037735849056604,0.7676381120596605,0.7643245879471063,0.7654101867538682
3,0.0001,0.43586705492226774,0.833063209076175,0.7991231608699407,0.8038606331070303,0.7983515792773966,0.44574605046578175,0.8150943396226416,0.7794947189494102,0.7767255234484977,0.777425802045327
4,0.0001,0.3844360318427341,0.8606158833063209,0.8322244121370311,0.8332804923586173,0.832709802781002,0.4625681644340731,0.8339622641509434,0.8185572331913796,0.7865693479200612,0.7944356307656149
5,0.0001,0.3135760280166298,0.8889789303079416,0.8657689894216292,0.8687270286862631,0.8668405735995085,0.3893511579846436,0.8603773584905661,0.8337616924556341,0.8377525798335163,0.8352298495155638
6,0.0001,0.27142091112353234,0.9165316045380876,0.8993922721252706,0.9017727463373704,0.9004477243257477,0.41083631813526156,0.8528301886792453,0.8387650568501632,0.8171305379132998,0.8247103543440341
7,0.0001,0.22246015175718156,0.9222042139384117,0.9077596071310771,0.9088835502097599,0.9083068392023851,0.4577136352939426,0.8490566037735849,0.8215949448826162,0.8266241035702014,0.8215257928406152
8,0.0001,0.19746152426280697,0.9416531604538088,0.9300317648646698,0.9303520974857832,0.9301296142169257,0.32768104458754915,0.8943396226415095,0.8751721931697253,0.8803489287178975,0.877290583097417
9,0.0001,0.15669349391417914,0.9497568881685575,0.9398099261169225,0.9419403983457211,0.9407038455989416,0.378625314781126,0.879245283018868,0.8573604229707712,0.8573604229707712,0.8573604229707712
10,0.0001,0.13360008099863557,0.9611021069692058,0.9545887606339792,0.9532640550430864,0.9539144222420819,0.4588352493379476,0.8603773584905661,0.836999958801961,0.8304503485961937,0.8333490893048466
11,3e-05,0.1400034014660883,0.9570502431118314,0.9465683994575583,0.9513886424752195,0.948502879136682,0.5003021940870105,0.8679245283018868,0.8441841491841492,0.83408927166118,0.8382674419181874
12,3e-05,0.09576680268518735,0.973257698541329,0.9693067121382534,0.9673357883657627,0.9682808364030008,0.40949380161627286,0.8566037735849057,0.8285973003960808,0.8338310112060653,0.8301232672491706
13,3e-05,0.07664358118968613,0.9781199351701783,0.972794118415156,0.9757260104473247,0.9741208312829764,0.47751821830587565,0.8490566037735849,0.8269839591045303,0.8143982974761413,0.8188398381804166
14,9e-06,0.05824520527060646,0.9846029173419774,0.9822614360483,0.9820245415165493,0.9821422154958289,0.469016495065869,0.8603773584905661,0.8331745491103971,0.8359270220241856,0.8342334524171114
